FusionGene	LeftBreakpoint	RightBreakpoint	SplitReads
EML4--ALK	2:42522694	2:29446394	100
BCR--ABL1	22:23582899	9:13358994	50
EWSR1--FLI1	22:29683136	11:128675244	75
TMPRSS2--ERG	21:42836478	21:39737961	60
FGFR3--TACC3	4:1807893	4:1748859	40
NTRK1--TPM3	1:156844946	1:154142435	55
PAX3--FOXO1	2:223112120	13:41192492	35
KIAA1549--BRAF	7:138550000	7:140449000	45
MYB--NFIB	6:135200000	9:143000000	30
CCDC6--RET	10:61558372	10:43612040	65
--ALK	2:29955249	2:29717697	50
FGFR2--	10:121483698	3:139859623	40
--NTRK3	15:87433109	15:87880428	90
