Chromosome	Start	End	Sample	Segment_Mean	Strand
chr1	3218329	5782169	TCGA-A6-2686-01A-01D-1406-01	-0.0328	+
chr1	5782721	5782769	TCGA-A6-2686-01A-01D-1406-01	-1.9684	+
chr1	5785135	22937448	TCGA-A6-2686-01A-01D-1406-01	-0.0451	+
chr1	22946547	22949163	TCGA-A6-2686-01A-01D-1406-01	-1.3739	+
chr1	22952061	48009686	TCGA-A6-2686-01A-01D-1406-01	-0.0548	+
chr1	48011533	49271430	TCGA-A6-2686-01A-01D-1406-01	0.0183	+
chr1	49273578	49463801	TCGA-A6-2686-01A-01D-1406-01	-0.9798	+
chr1	49464576	53762781	TCGA-A6-2686-01A-01D-1406-01	-0.0566	+
chr1	53762944	91033289	TCGA-A6-2686-01A-01D-1406-01	-0.0204	+
chr1	91042005	119236151	TCGA-A6-2686-01A-01D-1406-01	-0.0496	+
chr1	119256519	120309868	TCGA-A6-2686-01A-01D-1406-01	-0.9018	+
chr1	153598280	156759585	TCGA-A6-2686-01A-01D-1406-01	-0.1205	+
chr1	156760887	159736755	TCGA-A6-2686-01A-01D-1406-01	-0.0485	+
chr1	159737415	160136328	TCGA-A6-2686-01A-01D-1406-01	0.1045	+
chr1	160136350	160841849	TCGA-A6-2686-01A-01D-1406-01	-0.0698	+
chr1	160844532	161398418	TCGA-A6-2686-01A-01D-1406-01	-0.1581	+
chr1	161402531	186409592	TCGA-A6-2686-01A-01D-1406-01	-0.0422	+
chr1	186411579	186590590	TCGA-A6-2686-01A-01D-1406-01	0.2287	+
chr1	186593131	200167465	TCGA-A6-2686-01A-01D-1406-01	-0.0345	+
chr1	200170737	204615400	TCGA-A6-2686-01A-01D-1406-01	-0.0706	+
chr1	204616505	224161435	TCGA-A6-2686-01A-01D-1406-01	-0.0319	+
chr1	224163726	226693811	TCGA-A6-2686-01A-01D-1406-01	-0.0956	+
chr1	226694739	227035319	TCGA-A6-2686-01A-01D-1406-01	-0.0459	+
chr1	227037137	227042448	TCGA-A6-2686-01A-01D-1406-01	-1.5786	+
chr1	227046154	234677551	TCGA-A6-2686-01A-01D-1406-01	-0.0391	+
chr1	234677737	235135832	TCGA-A6-2686-01A-01D-1406-01	0.282	+
chr1	235138348	238470305	TCGA-A6-2686-01A-01D-1406-01	-0.0711	+
chr1	238470945	240472817	TCGA-A6-2686-01A-01D-1406-01	-0.0136	+
chr1	240473025	247814286	TCGA-A6-2686-01A-01D-1406-01	-0.0681	+
chr2	480597	8291039	TCGA-A6-2686-01A-01D-1406-01	0.4064	+
chr2	8293964	8294778	TCGA-A6-2686-01A-01D-1406-01	-1.523	+
chr2	8295279	22477818	TCGA-A6-2686-01A-01D-1406-01	0.4169	+
chr2	22478072	22911727	TCGA-A6-2686-01A-01D-1406-01	0.2274	+
chr2	22912502	22913074	TCGA-A6-2686-01A-01D-1406-01	-1.9436	+
chr2	22920586	34136108	TCGA-A6-2686-01A-01D-1406-01	0.2079	+
chr2	34136251	34136723	TCGA-A6-2686-01A-01D-1406-01	-1.397	+
chr2	34137242	84193095	TCGA-A6-2686-01A-01D-1406-01	0.2206	+
chr2	84193783	84203215	TCGA-A6-2686-01A-01D-1406-01	0.789	+
chr2	113609992	113940839	TCGA-A6-2686-01A-01D-1406-01	0.3335	+
chr2	113941769	114427402	TCGA-A6-2686-01A-01D-1406-01	0.2173	+
chr2	114428705	114453880	TCGA-A6-2686-01A-01D-1406-01	-0.8102	+
chr2	114454029	115082201	TCGA-A6-2686-01A-01D-1406-01	0.2278	+
chr2	115083030	115083212	TCGA-A6-2686-01A-01D-1406-01	-1.5848	+
chr2	115086679	133494705	TCGA-A6-2686-01A-01D-1406-01	0.207	+
chr2	133497341	140934692	TCGA-A6-2686-01A-01D-1406-01	-0.0697	+
chr2	140935648	144783214	TCGA-A6-2686-01A-01D-1406-01	-0.0185	+
chr2	144788522	144912781	TCGA-A6-2686-01A-01D-1406-01	-0.3918	+
chr2	144915111	159227198	TCGA-A6-2686-01A-01D-1406-01	-0.0094	+
chr2	159228451	159300803	TCGA-A6-2686-01A-01D-1406-01	0.2948	+
chr2	159304139	165353689	TCGA-A6-2686-01A-01D-1406-01	-0.0201	+
chr2	165357835	193538242	TCGA-A6-2686-01A-01D-1406-01	-0.0868	+
chr2	193538820	193694082	TCGA-A6-2686-01A-01D-1406-01	-0.4857	+
chr2	193694605	193950400	TCGA-A6-2686-01A-01D-1406-01	-0.1609	+
chr2	193950552	193950979	TCGA-A6-2686-01A-01D-1406-01	-0.9092	+
chr2	193954458	194176541	TCGA-A6-2686-01A-01D-1406-01	-0.0695	+
chr2	194182316	202538097	TCGA-A6-2686-01A-01D-1406-01	-0.3876	+
chr2	202539092	202745183	TCGA-A6-2686-01A-01D-1406-01	-0.0179	+
chr2	202747264	202820707	TCGA-A6-2686-01A-01D-1406-01	-0.3598	+
chr2	202821228	203245677	TCGA-A6-2686-01A-01D-1406-01	-0.0331	+
chr2	203246257	235914182	TCGA-A6-2686-01A-01D-1406-01	-0.4123	+
chr2	235991454	235991748	TCGA-A6-2686-01A-01D-1406-01	-2.5298	+
chr2	235991856	237451035	TCGA-A6-2686-01A-01D-1406-01	-0.4333	+
chr2	237453806	242476987	TCGA-A6-2686-01A-01D-1406-01	-0.0942	+
chr3	2212318	20406855	TCGA-A6-2686-01A-01D-1406-01	-0.0688	+
chr3	20409992	68535069	TCGA-A6-2686-01A-01D-1406-01	-0.4123	+
chr3	68537071	90485962	TCGA-A6-2686-01A-01D-1406-01	-0.0708	+
chr3	114277580	114315246	TCGA-A6-2686-01A-01D-1406-01	-0.4215	+
chr3	114317774	186937568	TCGA-A6-2686-01A-01D-1406-01	0.2168	+
chr3	186938635	194060441	TCGA-A6-2686-01A-01D-1406-01	0.2549	+
chr3	194060475	194089976	TCGA-A6-2686-01A-01D-1406-01	0.2194	+
chr3	194093999	194094110	TCGA-A6-2686-01A-01D-1406-01	-1.1698	+
chr3	194094700	197539272	TCGA-A6-2686-01A-01D-1406-01	0.2091	+
chr4	1053172	4406259	TCGA-A6-2686-01A-01D-1406-01	-0.4427	+
chr4	4406263	4406716	TCGA-A6-2686-01A-01D-1406-01	-2.419	+
chr4	4407217	5650900	TCGA-A6-2686-01A-01D-1406-01	-0.4284	+
chr4	5652712	6367119	TCGA-A6-2686-01A-01D-1406-01	-0.9657	+
chr4	6367169	6369352	TCGA-A6-2686-01A-01D-1406-01	-3.7428	+
chr4	6369384	9766749	TCGA-A6-2686-01A-01D-1406-01	-0.9904	+
chr4	9767180	12943753	TCGA-A6-2686-01A-01D-1406-01	-0.3843	+
chr4	12944788	12945048	TCGA-A6-2686-01A-01D-1406-01	-2.4443	+
chr4	12946667	29269452	TCGA-A6-2686-01A-01D-1406-01	-0.4202	+
chr4	29270364	31688285	TCGA-A6-2686-01A-01D-1406-01	-0.5273	+
chr4	31690210	41417193	TCGA-A6-2686-01A-01D-1406-01	-0.4215	+
chr4	41418726	41418920	TCGA-A6-2686-01A-01D-1406-01	-2.2644	+
chr4	41419248	45203602	TCGA-A6-2686-01A-01D-1406-01	-0.4022	+
chr4	45204501	45238010	TCGA-A6-2686-01A-01D-1406-01	0.1034	+
chr4	45240133	46697945	TCGA-A6-2686-01A-01D-1406-01	-0.4012	+
chr4	46707695	47825159	TCGA-A6-2686-01A-01D-1406-01	1.0552	+
chr4	47828907	48069907	TCGA-A6-2686-01A-01D-1406-01	1.6006	+
chr4	52698636	62722136	TCGA-A6-2686-01A-01D-1406-01	0.4877	+
chr4	62728118	116902938	TCGA-A6-2686-01A-01D-1406-01	0.2462	+
chr4	116905387	118192116	TCGA-A6-2686-01A-01D-1406-01	-0.3902	+
chr4	118197211	119676138	TCGA-A6-2686-01A-01D-1406-01	0.2607	+
chr4	119676336	119980234	TCGA-A6-2686-01A-01D-1406-01	0.6837	+
chr4	119980501	130502750	TCGA-A6-2686-01A-01D-1406-01	0.2469	+
chr4	130502836	130503096	TCGA-A6-2686-01A-01D-1406-01	-0.8662	+
chr4	130503425	135780220	TCGA-A6-2686-01A-01D-1406-01	0.2328	+
chr4	135780372	135780487	TCGA-A6-2686-01A-01D-1406-01	-1.1282	+
chr4	135785349	136548620	TCGA-A6-2686-01A-01D-1406-01	0.2307	+
chr4	136548895	162205111	TCGA-A6-2686-01A-01D-1406-01	-0.0194	+
chr4	162205652	162220701	TCGA-A6-2686-01A-01D-1406-01	-0.79	+
chr4	162220823	188763682	TCGA-A6-2686-01A-01D-1406-01	-0.0267	+
chr5	914233	19902777	TCGA-A6-2686-01A-01D-1406-01	0.1897	+
chr5	19902953	19903781	TCGA-A6-2686-01A-01D-1406-01	-1.4627	+
chr5	19911004	28121774	TCGA-A6-2686-01A-01D-1406-01	0.1841	+
chr5	28126908	31833816	TCGA-A6-2686-01A-01D-1406-01	-0.0469	+
chr5	31840606	31840717	TCGA-A6-2686-01A-01D-1406-01	-1.5383	+
chr5	31841279	39092876	TCGA-A6-2686-01A-01D-1406-01	-0.0387	+
chr5	39095762	39344317	TCGA-A6-2686-01A-01D-1406-01	0.1056	+
chr5	56654449	165551962	TCGA-A6-2686-01A-01D-1406-01	-0.3826	+
chr5	165551994	165603524	TCGA-A6-2686-01A-01D-1406-01	-0.9214	+
chr5	165604348	172928450	TCGA-A6-2686-01A-01D-1406-01	-0.4028	+
chr5	172928639	173455147	TCGA-A6-2686-01A-01D-1406-01	-1.8483	+
chr5	173468457	173494289	TCGA-A6-2686-01A-01D-1406-01	-1.1039	+
chr5	173499296	180361240	TCGA-A6-2686-01A-01D-1406-01	-0.425	+
chr6	1011995	2050316	TCGA-A6-2686-01A-01D-1406-01	-0.4429	+
chr6	2051106	2080912	TCGA-A6-2686-01A-01D-1406-01	-1.6602	+
chr6	2086556	2386085	TCGA-A6-2686-01A-01D-1406-01	-0.4111	+
chr6	2389426	2522452	TCGA-A6-2686-01A-01D-1406-01	-0.0873	+
chr6	2524003	43631245	TCGA-A6-2686-01A-01D-1406-01	-0.437	+
chr6	43635395	50474627	TCGA-A6-2686-01A-01D-1406-01	-0.398	+
chr6	50476553	50892728	TCGA-A6-2686-01A-01D-1406-01	-0.0237	+
chr6	50893251	50893291	TCGA-A6-2686-01A-01D-1406-01	1.165	+
chr6	50899273	53101283	TCGA-A6-2686-01A-01D-1406-01	-0.031	+
chr6	53101448	57032882	TCGA-A6-2686-01A-01D-1406-01	0.0347	+
chr6	67232643	67232923	TCGA-A6-2686-01A-01D-1406-01	-1.1074	+
chr6	67236777	70288449	TCGA-A6-2686-01A-01D-1406-01	-0.0417	+
chr6	70290348	71844663	TCGA-A6-2686-01A-01D-1406-01	-0.4126	+
chr6	71847449	72095455	TCGA-A6-2686-01A-01D-1406-01	-0.0881	+
chr6	72096860	121721210	TCGA-A6-2686-01A-01D-1406-01	-0.4103	+
chr6	121724006	123515392	TCGA-A6-2686-01A-01D-1406-01	-0.0355	+
chr6	123518994	128204085	TCGA-A6-2686-01A-01D-1406-01	0.253	+
chr6	128205645	128205690	TCGA-A6-2686-01A-01D-1406-01	1.548	+
chr6	128207851	133481869	TCGA-A6-2686-01A-01D-1406-01	0.2437	+
chr6	133483162	133483519	TCGA-A6-2686-01A-01D-1406-01	-1.7365	+
chr6	133484021	134214227	TCGA-A6-2686-01A-01D-1406-01	0.2756	+
chr6	134214525	134557132	TCGA-A6-2686-01A-01D-1406-01	0.1767	+
chr6	134557207	134697015	TCGA-A6-2686-01A-01D-1406-01	0.2758	+
chr6	134697377	134697440	TCGA-A6-2686-01A-01D-1406-01	-1.1764	+
chr6	134697996	136321165	TCGA-A6-2686-01A-01D-1406-01	0.234	+
chr6	136328189	136343766	TCGA-A6-2686-01A-01D-1406-01	0.7724	+
chr6	136345502	136458038	TCGA-A6-2686-01A-01D-1406-01	0.2617	+
chr6	136465433	136536052	TCGA-A6-2686-01A-01D-1406-01	0.6528	+
chr6	136536754	140678837	TCGA-A6-2686-01A-01D-1406-01	0.254	+
chr6	140679347	161947411	TCGA-A6-2686-01A-01D-1406-01	-0.0113	+
chr6	161947653	170905977	TCGA-A6-2686-01A-01D-1406-01	0.2439	+
chr7	704573	2209236	TCGA-A6-2686-01A-01D-1406-01	0.2229	+
chr7	2210844	7179219	TCGA-A6-2686-01A-01D-1406-01	0.1677	+
chr7	7187491	12566005	TCGA-A6-2686-01A-01D-1406-01	0.239	+
chr7	12566168	13143424	TCGA-A6-2686-01A-01D-1406-01	-0.0661	+
chr7	13143771	55481872	TCGA-A6-2686-01A-01D-1406-01	0.2435	+
chr7	76053423	85835706	TCGA-A6-2686-01A-01D-1406-01	0.2564	+
chr7	85837100	92533155	TCGA-A6-2686-01A-01D-1406-01	0.4881	+
chr7	92533310	92533685	TCGA-A6-2686-01A-01D-1406-01	-0.8597	+
chr7	92534024	96450396	TCGA-A6-2686-01A-01D-1406-01	0.5014	+
chr7	96451396	96451871	TCGA-A6-2686-01A-01D-1406-01	-0.1813	+
chr7	96451924	97455786	TCGA-A6-2686-01A-01D-1406-01	0.4823	+
chr7	97458720	103072819	TCGA-A6-2686-01A-01D-1406-01	0.4242	+
chr7	103073367	158385232	TCGA-A6-2686-01A-01D-1406-01	0.4783	+
chr8	617625	3929168	TCGA-A6-2686-01A-01D-1406-01	-0.0435	+
chr8	3929795	3945838	TCGA-A6-2686-01A-01D-1406-01	-1.6912	+
chr8	3946186	4289533	TCGA-A6-2686-01A-01D-1406-01	0.0076	+
chr8	4416646	4416666	TCGA-A6-2686-01A-01D-1406-01	-1.7646	+
chr8	4416996	4450586	TCGA-A6-2686-01A-01D-1406-01	-0.0011	+
chr8	4450682	4451561	TCGA-A6-2686-01A-01D-1406-01	-0.4033	+
chr8	4451619	4517285	TCGA-A6-2686-01A-01D-1406-01	0.1159	+
chr8	4517442	4640233	TCGA-A6-2686-01A-01D-1406-01	-0.3562	+
chr8	4640320	13407986	TCGA-A6-2686-01A-01D-1406-01	-0.0367	+
chr8	13409359	13410643	TCGA-A6-2686-01A-01D-1406-01	-1.295	+
chr8	13412918	13728528	TCGA-A6-2686-01A-01D-1406-01	-0.0504	+
chr8	13730430	13731330	TCGA-A6-2686-01A-01D-1406-01	-1.6332	+
chr8	13731536	14305161	TCGA-A6-2686-01A-01D-1406-01	-0.0689	+
chr8	14307253	14317014	TCGA-A6-2686-01A-01D-1406-01	-0.6376	+
chr8	14317257	20180692	TCGA-A6-2686-01A-01D-1406-01	-0.0521	+
chr8	20184339	20184824	TCGA-A6-2686-01A-01D-1406-01	-1.6686	+
chr8	52558395	53269493	TCGA-A6-2686-01A-01D-1406-01	0.3825	+
chr8	53269741	53270358	TCGA-A6-2686-01A-01D-1406-01	-2.0144	+
chr8	53270478	66224991	TCGA-A6-2686-01A-01D-1406-01	0.3686	+
chr8	66226630	70954676	TCGA-A6-2686-01A-01D-1406-01	0.3235	+
chr8	70954705	70954720	TCGA-A6-2686-01A-01D-1406-01	-1.1645	+
chr8	70954834	71708208	TCGA-A6-2686-01A-01D-1406-01	0.2912	+
chr8	71709758	106983690	TCGA-A6-2686-01A-01D-1406-01	0.3639	+
chr8	107495259	108619703	TCGA-A6-2686-01A-01D-1406-01	0.1463	+
chr8	108621760	110346287	TCGA-A6-2686-01A-01D-1406-01	0.3469	+
chr8	110347214	110724543	TCGA-A6-2686-01A-01D-1406-01	0.6065	+
chr8	110724604	112742610	TCGA-A6-2686-01A-01D-1406-01	0.3648	+
chr8	112743207	112979669	TCGA-A6-2686-01A-01D-1406-01	0.5609	+
chr8	112980303	116417991	TCGA-A6-2686-01A-01D-1406-01	0.1386	+
chr8	116420327	116420722	TCGA-A6-2686-01A-01D-1406-01	-1.2092	+
chr8	116422282	128340908	TCGA-A6-2686-01A-01D-1406-01	0.1458	+
chr8	128341103	128768191	TCGA-A6-2686-01A-01D-1406-01	0.4129	+
chr8	128768210	131271216	TCGA-A6-2686-01A-01D-1406-01	0.1687	+
chr8	131276243	131346066	TCGA-A6-2686-01A-01D-1406-01	-0.9082	+
chr8	131346604	131517484	TCGA-A6-2686-01A-01D-1406-01	0.089	+
chr8	131517505	136761778	TCGA-A6-2686-01A-01D-1406-01	0.1638	+
chr8	136763071	145237445	TCGA-A6-2686-01A-01D-1406-01	0.1014	+
chr9	789794	10523295	TCGA-A6-2686-01A-01D-1406-01	0.2087	+
chr9	10523383	10524041	TCGA-A6-2686-01A-01D-1406-01	-1.2117	+
chr9	10524292	10741198	TCGA-A6-2686-01A-01D-1406-01	0.2041	+
chr9	10755356	10774154	TCGA-A6-2686-01A-01D-1406-01	-0.6716	+
chr9	10774522	16757116	TCGA-A6-2686-01A-01D-1406-01	0.2092	+
chr9	16757150	17813101	TCGA-A6-2686-01A-01D-1406-01	0.1396	+
chr9	17813171	37812961	TCGA-A6-2686-01A-01D-1406-01	0.2127	+
chr9	37813351	37820988	TCGA-A6-2686-01A-01D-1406-01	-1.1527	+
chr9	106032884	109546063	TCGA-A6-2686-01A-01D-1406-01	0.4301	+
chr9	109546565	113919472	TCGA-A6-2686-01A-01D-1406-01	0.4888	+
chr9	113919967	115145939	TCGA-A6-2686-01A-01D-1406-01	0.4263	+
chr9	115146105	115654176	TCGA-A6-2686-01A-01D-1406-01	0.1816	+
chr9	115654246	121721913	TCGA-A6-2686-01A-01D-1406-01	0.2442	+
chr9	121723991	121724015	TCGA-A6-2686-01A-01D-1406-01	-1.1307	+
chr9	121724759	123318166	TCGA-A6-2686-01A-01D-1406-01	0.23	+
chr9	123322313	140938957	TCGA-A6-2686-01A-01D-1406-01	0.1935	+
chr10	412449	2585456	TCGA-A6-2686-01A-01D-1406-01	0.6004	+
chr10	2585627	5101104	TCGA-A6-2686-01A-01D-1406-01	0.6527	+
chr10	5101926	6393610	TCGA-A6-2686-01A-01D-1406-01	0.5934	+
chr10	6398978	6398984	TCGA-A6-2686-01A-01D-1406-01	-0.3414	+
chr10	6404210	9183496	TCGA-A6-2686-01A-01D-1406-01	0.5742	+
chr10	50792650	61440207	TCGA-A6-2686-01A-01D-1406-01	-0.0895	+
chr10	61448672	61765891	TCGA-A6-2686-01A-01D-1406-01	-0.9735	+
chr10	61769305	135225103	TCGA-A6-2686-01A-01D-1406-01	-0.0974	+
chr11	456012	15635854	TCGA-A6-2686-01A-01D-1406-01	-0.0572	+
chr11	15636499	16016569	TCGA-A6-2686-01A-01D-1406-01	0.2718	+
chr11	16022866	25727724	TCGA-A6-2686-01A-01D-1406-01	-0.0443	+
chr11	25728161	25728613	TCGA-A6-2686-01A-01D-1406-01	-1.5015	+
chr11	25731911	34055551	TCGA-A6-2686-01A-01D-1406-01	-0.0507	+
chr11	34057822	34058107	TCGA-A6-2686-01A-01D-1406-01	-2.4153	+
chr11	34058726	35612431	TCGA-A6-2686-01A-01D-1406-01	-0.042	+
chr11	35614722	35614854	TCGA-A6-2686-01A-01D-1406-01	-1.5302	+
chr11	35616194	45528286	TCGA-A6-2686-01A-01D-1406-01	-0.0516	+
chr11	60865960	75113880	TCGA-A6-2686-01A-01D-1406-01	-0.1188	+
chr11	75114071	112417074	TCGA-A6-2686-01A-01D-1406-01	-0.0816	+
chr11	112422841	134142634	TCGA-A6-2686-01A-01D-1406-01	-0.0439	+
chr12	889638	1917640	TCGA-A6-2686-01A-01D-1406-01	0.2075	+
chr12	1924205	6129264	TCGA-A6-2686-01A-01D-1406-01	0.2606	+
chr12	6129282	31839776	TCGA-A6-2686-01A-01D-1406-01	0.2185	+
chr12	41710090	41710492	TCGA-A6-2686-01A-01D-1406-01	-1.4976	+
chr12	41711669	49097940	TCGA-A6-2686-01A-01D-1406-01	0.1944	+
chr12	49099364	51868600	TCGA-A6-2686-01A-01D-1406-01	0.121	+
chr12	51869098	70497279	TCGA-A6-2686-01A-01D-1406-01	0.1781	+
chr12	70498975	71491505	TCGA-A6-2686-01A-01D-1406-01	0.2588	+
chr12	71499041	71510255	TCGA-A6-2686-01A-01D-1406-01	-0.4124	+
chr12	71521527	89430045	TCGA-A6-2686-01A-01D-1406-01	0.2184	+
chr12	89433309	89433593	TCGA-A6-2686-01A-01D-1406-01	-1.8474	+
chr12	89435177	95275372	TCGA-A6-2686-01A-01D-1406-01	0.2133	+
chr12	95280822	95995906	TCGA-A6-2686-01A-01D-1406-01	0.1324	+
chr12	95996125	96222187	TCGA-A6-2686-01A-01D-1406-01	0.421	+
chr12	96229661	108777022	TCGA-A6-2686-01A-01D-1406-01	0.2002	+
chr12	108778103	114559284	TCGA-A6-2686-01A-01D-1406-01	0.1443	+
chr12	114559366	121521217	TCGA-A6-2686-01A-01D-1406-01	0.2009	+
chr12	121522629	123859858	TCGA-A6-2686-01A-01D-1406-01	0.1156	+
chr12	123864158	129725196	TCGA-A6-2686-01A-01D-1406-01	0.1885	+
chr12	129725473	131078425	TCGA-A6-2686-01A-01D-1406-01	0.1012	+
chr12	131078836	131726045	TCGA-A6-2686-01A-01D-1406-01	-0.416	+
chr12	131833210	133182408	TCGA-A6-2686-01A-01D-1406-01	0.1879	+
chr13	19448395	19455957	TCGA-A6-2686-01A-01D-1406-01	-0.2802	+
chr13	19460340	52712632	TCGA-A6-2686-01A-01D-1406-01	-0.0425	+
chr13	52715663	53050176	TCGA-A6-2686-01A-01D-1406-01	-0.4528	+
chr13	53054002	64948553	TCGA-A6-2686-01A-01D-1406-01	-0.0195	+
chr13	64950283	86178638	TCGA-A6-2686-01A-01D-1406-01	-0.1885	+
chr13	86179490	86632597	TCGA-A6-2686-01A-01D-1406-01	-0.3586	+
chr13	86634242	86634794	TCGA-A6-2686-01A-01D-1406-01	-1.663	+
chr13	87341856	88848936	TCGA-A6-2686-01A-01D-1406-01	-0.5858	+
chr13	88851097	90589188	TCGA-A6-2686-01A-01D-1406-01	-0.804	+
chr13	90589825	91412524	TCGA-A6-2686-01A-01D-1406-01	-0.5418	+
chr13	91412618	108924215	TCGA-A6-2686-01A-01D-1406-01	-0.3546	+
chr13	108926989	109147387	TCGA-A6-2686-01A-01D-1406-01	-0.6682	+
chr13	109149325	112640065	TCGA-A6-2686-01A-01D-1406-01	-0.3391	+
chr13	112647711	114992150	TCGA-A6-2686-01A-01D-1406-01	-0.2193	+
chr14	20501350	26870128	TCGA-A6-2686-01A-01D-1406-01	-0.0205	+
chr14	26870408	27162275	TCGA-A6-2686-01A-01D-1406-01	0.2818	+
chr14	27162904	27162945	TCGA-A6-2686-01A-01D-1406-01	-1.7505	+
chr14	27166938	40320168	TCGA-A6-2686-01A-01D-1406-01	0.2358	+
chr14	40322708	41804127	TCGA-A6-2686-01A-01D-1406-01	0.3562	+
chr14	41804379	41810830	TCGA-A6-2686-01A-01D-1406-01	-1.297	+
chr14	41810988	45259209	TCGA-A6-2686-01A-01D-1406-01	0.3575	+
chr14	45259995	45260133	TCGA-A6-2686-01A-01D-1406-01	-1.474	+
chr14	45261492	46062722	TCGA-A6-2686-01A-01D-1406-01	0.3147	+
chr14	46062739	46590910	TCGA-A6-2686-01A-01D-1406-01	0.1893	+
chr14	46592058	46592177	TCGA-A6-2686-01A-01D-1406-01	-1.5562	+
chr14	46592900	47131759	TCGA-A6-2686-01A-01D-1406-01	0.2521	+
chr14	47132410	47132829	TCGA-A6-2686-01A-01D-1406-01	-1.4802	+
chr14	47136641	63704649	TCGA-A6-2686-01A-01D-1406-01	0.2318	+
chr14	63705111	64711479	TCGA-A6-2686-01A-01D-1406-01	0.1376	+
chr14	64711606	80933690	TCGA-A6-2686-01A-01D-1406-01	0.2203	+
chr14	80940240	85172137	TCGA-A6-2686-01A-01D-1406-01	-0.0176	+
chr14	85173181	103325915	TCGA-A6-2686-01A-01D-1406-01	-0.0573	+
chr14	103327219	103475658	TCGA-A6-2686-01A-01D-1406-01	-0.4465	+
chr14	103476127	103579649	TCGA-A6-2686-01A-01D-1406-01	-0.0988	+
chr14	103582802	103947010	TCGA-A6-2686-01A-01D-1406-01	0.1728	+
chr14	103947289	104963113	TCGA-A6-2686-01A-01D-1406-01	-0.0628	+
chr14	104964623	104965037	TCGA-A6-2686-01A-01D-1406-01	-2.1927	+
chr14	104968468	106000231	TCGA-A6-2686-01A-01D-1406-01	-0.1105	+
chr15	23682708	23697257	TCGA-A6-2686-01A-01D-1406-01	-0.3579	+
chr15	23700023	66975833	TCGA-A6-2686-01A-01D-1406-01	-0.0475	+
chr15	66977744	67159366	TCGA-A6-2686-01A-01D-1406-01	0.2165	+
chr15	67172775	82319768	TCGA-A6-2686-01A-01D-1406-01	-0.0342	+
chr15	82320148	88428702	TCGA-A6-2686-01A-01D-1406-01	0.1085	+
chr15	88431333	101884329	TCGA-A6-2686-01A-01D-1406-01	-0.3821	+
chr16	653333	4923850	TCGA-A6-2686-01A-01D-1406-01	-0.1042	+
chr16	4926726	6279306	TCGA-A6-2686-01A-01D-1406-01	-0.0361	+
chr16	6425600	6508632	TCGA-A6-2686-01A-01D-1406-01	-0.9007	+
chr16	6508646	6535177	TCGA-A6-2686-01A-01D-1406-01	-0.0181	+
chr16	6538986	6595898	TCGA-A6-2686-01A-01D-1406-01	-0.4482	+
chr16	6596181	12245461	TCGA-A6-2686-01A-01D-1406-01	-0.0629	+
chr16	12251153	12251442	TCGA-A6-2686-01A-01D-1406-01	-1.8446	+
chr16	50571657	56940128	TCGA-A6-2686-01A-01D-1406-01	-0.0305	+
chr16	56940513	57408667	TCGA-A6-2686-01A-01D-1406-01	-0.0798	+
chr16	57413838	57722576	TCGA-A6-2686-01A-01D-1406-01	0.2455	+
chr16	57733278	66762847	TCGA-A6-2686-01A-01D-1406-01	-0.0575	+
chr16	66764809	70446427	TCGA-A6-2686-01A-01D-1406-01	-0.1252	+
chr16	70447740	89383725	TCGA-A6-2686-01A-01D-1406-01	-0.0536	+
chr17	977859	4475584	TCGA-A6-2686-01A-01D-1406-01	0.3764	+
chr17	4475660	4478836	TCGA-A6-2686-01A-01D-1406-01	-1.5672	+
chr17	27132742	36664341	TCGA-A6-2686-01A-01D-1406-01	0.1655	+
chr17	36669432	36669464	TCGA-A6-2686-01A-01D-1406-01	-1.8997	+
chr17	36671149	49283840	TCGA-A6-2686-01A-01D-1406-01	0.153	+
chr17	49284743	56508056	TCGA-A6-2686-01A-01D-1406-01	0.2024	+
chr17	56509865	66659108	TCGA-A6-2686-01A-01D-1406-01	0.1725	+
chr17	66660640	68908381	TCGA-A6-2686-01A-01D-1406-01	0.2379	+
chr17	68908954	68909094	TCGA-A6-2686-01A-01D-1406-01	-1.5186	+
chr17	68909197	70358058	TCGA-A6-2686-01A-01D-1406-01	0.2295	+
chr17	70358517	80917688	TCGA-A6-2686-01A-01D-1406-01	0.1714	+
chr18	326691	3779526	TCGA-A6-2686-01A-01D-1406-01	-0.0226	+
chr18	26257522	44503484	TCGA-A6-2686-01A-01D-1406-01	-0.39	+
chr18	44566243	54464820	TCGA-A6-2686-01A-01D-1406-01	-0.3802	+
chr18	54466980	54467343	TCGA-A6-2686-01A-01D-1406-01	-1.9251	+
chr18	54469295	64858527	TCGA-A6-2686-01A-01D-1406-01	-0.3841	+
chr18	64859174	77109796	TCGA-A6-2686-01A-01D-1406-01	-0.4277	+
chr19	283868	24052992	TCGA-A6-2686-01A-01D-1406-01	-0.09	+
chr19	32783217	36853440	TCGA-A6-2686-01A-01D-1406-01	0.6166	+
chr19	36853492	37255126	TCGA-A6-2686-01A-01D-1406-01	0.4718	+
chr19	37255986	41990325	TCGA-A6-2686-01A-01D-1406-01	0.5914	+
chr19	41991029	42246563	TCGA-A6-2686-01A-01D-1406-01	0.8435	+
chr19	42249422	58881729	TCGA-A6-2686-01A-01D-1406-01	0.6105	+
chr20	453461	2421742	TCGA-A6-2686-01A-01D-1406-01	0.2176	+
chr20	2425799	5969359	TCGA-A6-2686-01A-01D-1406-01	0.1819	+
chr20	5969612	17670313	TCGA-A6-2686-01A-01D-1406-01	0.2345	+
chr20	17675705	17675706	TCGA-A6-2686-01A-01D-1406-01	-1.3135	+
chr20	17676125	23071575	TCGA-A6-2686-01A-01D-1406-01	0.2067	+
chr20	23074031	23075155	TCGA-A6-2686-01A-01D-1406-01	-0.6128	+
chr20	30022925	36210554	TCGA-A6-2686-01A-01D-1406-01	0.1599	+
chr20	36210740	62219855	TCGA-A6-2686-01A-01D-1406-01	0.2135	+
chr21	15346448	26209514	TCGA-A6-2686-01A-01D-1406-01	-0.0577	+
chr21	26218514	32323438	TCGA-A6-2686-01A-01D-1406-01	-0.4196	+
chr21	32324125	32324501	TCGA-A6-2686-01A-01D-1406-01	-2.3642	+
chr21	32324969	41642849	TCGA-A6-2686-01A-01D-1406-01	-0.4275	+
chr21	41644882	42698869	TCGA-A6-2686-01A-01D-1406-01	-0.0616	+
chr21	42699664	43242733	TCGA-A6-2686-01A-01D-1406-01	0.2088	+
chr21	43254200	47681971	TCGA-A6-2686-01A-01D-1406-01	-0.0841	+
chr22	17415822	37859526	TCGA-A6-2686-01A-01D-1406-01	-0.0825	+
chr22	37859671	44528740	TCGA-A6-2686-01A-01D-1406-01	-0.122	+
chr22	44529045	48720292	TCGA-A6-2686-01A-01D-1406-01	-0.0806	+
chr22	48720586	48730686	TCGA-A6-2686-01A-01D-1406-01	-0.7008	+
chr22	48736308	49336433	TCGA-A6-2686-01A-01D-1406-01	-0.0821	+
chrX	3154400	31355988	TCGA-A6-2686-01A-01D-1406-01	-0.1756	+
chrX	31357651	51650779	TCGA-A6-2686-01A-01D-1406-01	-0.2327	+
chrX	51651144	51651523	TCGA-A6-2686-01A-01D-1406-01	-2.2195	+
chrX	72312805	72313442	TCGA-A6-2686-01A-01D-1406-01	-1.577	+
chrX	72321245	80630361	TCGA-A6-2686-01A-01D-1406-01	-0.2706	+
chrX	80633758	81269856	TCGA-A6-2686-01A-01D-1406-01	0.3697	+
chrX	81273898	81327523	TCGA-A6-2686-01A-01D-1406-01	-1.7049	+
chrX	81331929	118922743	TCGA-A6-2686-01A-01D-1406-01	0.1717	+
chrX	118922886	118923595	TCGA-A6-2686-01A-01D-1406-01	-1.5633	+
chrX	118924008	141209094	TCGA-A6-2686-01A-01D-1406-01	0.1718	+
chrX	141215425	143454817	TCGA-A6-2686-01A-01D-1406-01	0.46	+
chrX	143456339	143456572	TCGA-A6-2686-01A-01D-1406-01	-1.2596	+
chrX	143458622	147204825	TCGA-A6-2686-01A-01D-1406-01	0.4745	+
chrX	147211620	147230140	TCGA-A6-2686-01A-01D-1406-01	0.9684	+
chrX	147230448	154907075	TCGA-A6-2686-01A-01D-1406-01	0.4889	+
